Category,Title,Content
Geometrie,"Wellcome to Exercises!","Here you may post/discuss exercises!"
Geometrie,21321,213213
Geometrie,324234,3523423
Geometrie,213214223,3543543
Geometrie,asdas,vxvxbxc
Geometrie,213,asdas
Geometrie,cczx,xzvxcvxc
Geometrie,vcbvc,vcbcv
Geometrie,xzcxz,xzcxzczx
Geometrie,vcbvcbc,vcbcvbcv
Geometrie,ZXZX,XZX
Geometrie,xcvcxv,vcbvcbvc
Geometrie,dsadsa,sadsadas
Geometrie,cvbcvbvc,bvcbvc
Geometrie,bnvbnvb,nbvbnvb
Geometrie,dsfdsfsd,dsfsdfsd
Geometrie,vxcxc,xcvxc
Geometrie,vcxbc,vcbcvbc
Geometrie,bvcbvc,vcxbxc
Geometrie,xzcz,vvv
Geometrie,dasd,asda
Geometrie,ewqeqw,wqewqewq
